{"cameraMode":{"drawMode":0,"name":"Shaded","section":"Shading Mode"},"sceneLighting":true,"audioPlay":false,"sceneViewState":{"showFog":true,"showMaterialUpdate":false,"showSkybox":true,"showFlares":true,"showImageEffects":true,"showParticleSystems":true},"in2DMode":false,"pivot":{"x":34.53575134277344,"y":45.70415496826172,"z":27.630996704101564},"rotation":{"x":0.17368632555007935,"y":0.5863689184188843,"z":-0.13050897419452668,"w":0.7803666591644287},"size":235.0198211669922,"orthographic":false}