{"cameraMode":{"drawMode":0,"name":"Shaded","section":"Shading Mode"},"sceneLighting":true,"audioPlay":false,"sceneViewState":{"showFog":true,"showMaterialUpdate":false,"showSkybox":true,"showFlares":true,"showImageEffects":true,"showParticleSystems":true},"in2DMode":false,"pivot":{"x":202.50157165527345,"y":49.51982116699219,"z":137.43826293945313},"rotation":{"x":0.2690315544605255,"y":-0.34456002712249758,"z":0.10376009345054627,"w":0.8933836817741394},"size":575.9176635742188,"orthographic":false}