{"cameraMode":{"drawMode":0,"name":"Shaded","section":"Shading Mode"},"sceneLighting":true,"audioPlay":false,"sceneViewState":{"showFog":true,"showMaterialUpdate":false,"showSkybox":true,"showFlares":true,"showImageEffects":true,"showParticleSystems":true},"in2DMode":false,"pivot":{"x":-50.26948547363281,"y":49.431304931640628,"z":-34.561038970947269},"rotation":{"x":0.08842956274747849,"y":0.8985740542411804,"z":-0.21276631951332093,"w":0.37346407771110537},"size":135.9494171142578,"orthographic":false}